{
  "age_range": [25, 35],
  "geofence": [
    [38.300796, -123.276303],
    [38.914625, -121.694272],
    [37.607786, -120.106747],
    [36.785175, -120.947201],
    [36.727961, -122.28204]
  ],
  "target_domains": ["github.com"]
}
